country_name,country_code,year,SE.ADT.LITR.ZS,SE.PRM.ENRR,SE.SEC.ENRR,SE.TER.ENRR,SE.XPD.TOTL.GB.ZS,SE.XPD.TOTL.GD.ZS
Argentina,ARG,2010,97.97,111.2,100.15,77.73,14.25,5.15
Argentina,ARG,2011,98.22,110.82,99.77,78.43,14.57,4.65
Argentina,ARG,2012,97.42,111.4,99.59,78.85,15.55,4.5
Argentina,ARG,2013,99.62,109.52,100.65,78.05,14.72,4.35
Argentina,ARG,2014,98.28,110.365,99.69,79.32,13.9,4.73
Argentina,ARG,2015,98.32,111.21,100.29,79.81,14.72,4.56
Argentina,ARG,2016,98.74,109.81,100.01,80.17,13.66,5.32
Argentina,ARG,2017,98.64,111.34,100.64,80.53,12.58,4.74
Argentina,ARG,2018,98.53,110.8,100.6,79.78999999999999,13.1,4.76
Argentina,ARG,2019,97.98,110.3,101.07,79.05,12.48,4.28
Argentina,ARG,2020,98.83000000000001,110.88,100.19,78.93,13.29,4.21
Argentina,ARG,2021,99.68,111.81,100.39,81.1,13.41,4.21
Argentina,ARG,2022,99.41,110.51,100.39,80.79,14.31,4.68
Brazil,BRA,2010,90.81,104.31,96.12,29.59,14.02,5.8
Brazil,BRA,2011,90.16,105.18,96.54,30.87,14.02,5.44
Brazil,BRA,2012,91.0,104.54,96.3,31.62,14.76,5.93
Brazil,BRA,2013,90.82,104.67,96.23,32.06,14.54,6.47
Brazil,BRA,2014,90.41,105.265,96.22,31.5,15.39,5.44
Brazil,BRA,2015,91.22,105.86,95.61,32.31,14.71,5.46
Brazil,BRA,2016,92.12,104.69,96.17,33.2,15.47,6.57
Brazil,BRA,2017,91.49000000000001,104.02,96.42,34.09,16.23,6.1
Brazil,BRA,2018,90.86,103.91999999999999,96.765,33.71,15.26,5.38
Brazil,BRA,2019,90.23,103.82,97.11,34.39,15.49,6.01
Brazil,BRA,2020,92.49,104.63,97.2,34.34,14.65,5.42
Brazil,BRA,2021,92.25,103.27,97.29,34.78,15.22,5.44
Brazil,BRA,2022,92.22,103.27,96.97,36.49,15.67,5.89
China,CHN,2010,93.52,100.09,86.94,24.76,15.53,2.96
China,CHN,2011,94.09,100.09,87.64,26.85,15.33,2.915
China,CHN,2012,93.68,100.75,87.48,27.02,16.07,2.87
China,CHN,2013,94.12,100.1,88.89,29.1,15.16,4.84
China,CHN,2014,93.88,101.32,89.83,29.82,15.81,4.53
China,CHN,2015,95.93,101.15,90.65,29.94,16.07,3.62
China,CHN,2016,94.92,100.935,91.04,31.09,16.41,2.95
China,CHN,2017,94.63,100.72,91.43,31.66,16.63,4.87
China,CHN,2018,95.33,100.55,89.97,33.16,15.63,4.07
China,CHN,2019,95.28,101.0,90.13,34.67,15.48,4.96
China,CHN,2020,95.65,100.815,91.47,34.41,16.14,3.34
China,CHN,2021,96.02,100.63,92.08,36.2,16.8,4.02
China,CHN,2022,96.25,100.88,92.18,36.2,16.25,4.02
Germany,DEU,2010,97.88,102.36,99.23,65.31,9.05,5.42
Germany,DEU,2011,99.41,103.31,98.48,67.61,9.0,4.59
Germany,DEU,2012,98.03,102.91,99.11,65.94,9.07,3.61
Germany,DEU,2013,98.72,103.49,99.06,66.58,9.54,3.6849999999999996
Germany,DEU,2014,99.65,103.36,98.35,66.77,9.82,3.76
Germany,DEU,2015,99.04,102.985,99.26,66.89,9.82,4.82
Germany,DEU,2016,98.35,102.61,99.41,66.61,10.18,5.06
Germany,DEU,2017,98.57,102.23,99.56,67.56,9.72,3.88
Germany,DEU,2018,99.41,102.96000000000001,99.71,66.94,10.61,4.96
Germany,DEU,2019,98.56,103.69,98.26,67.56,9.61,4.64
Germany,DEU,2020,99.13,103.33,98.54,67.71,11.43,4.89
Germany,DEU,2021,99.03,102.47,99.42,68.35,10.21,5.55
Germany,DEU,2022,99.03,102.47,99.43,69.99,9.35,5.55
India,IND,2010,65.11,107.21,70.89,20.41,13.27,4.3
India,IND,2011,66.86,107.21,71.11,20.31,14.77,4.34
India,IND,2012,65.62,107.21,71.1,21.23,14.63,4.68
India,IND,2013,66.15,107.7,71.79,21.66,14.61,3.96
India,IND,2014,66.84,107.55,71.8,22.26,14.7,4.41
India,IND,2015,66.48,106.95,72.99,22.29,14.39,3.86
India,IND,2016,67.98,106.82,73.43,23.31,13.94,4.29
India,IND,2017,68.39,107.09,74.39,24.15,14.61,4.275
India,IND,2018,69.49,105.93,74.3,25.27,14.23,4.26
India,IND,2019,70.16,105.81,75.71,25.53,15.31,4.61
India,IND,2020,71.63,106.07,76.92,26.79,14.71,3.81
India,IND,2021,71.62,106.22999999999999,76.53,25.59,14.38,5.61
India,IND,2022,71.25,106.39,77.44,27.12,14.77,3.8
Japan,JPN,2010,99.38,99.94,100.42,59.91,10.07,4.69
Japan,JPN,2011,99.02,100.46,100.42,60.5,10.07,3.77
Japan,JPN,2012,98.66,98.56,101.3,60.49333333333333,9.26,2.16
Japan,JPN,2013,99.015,99.89,101.15,60.486666666666665,8.27,3.48
Japan,JPN,2014,99.37,100.42,100.68,60.48,9.59,2.96
Japan,JPN,2015,98.99,100.95,101.09,60.45,10.32,3.86
Japan,JPN,2016,99.07,101.48,100.83,60.55,9.68,2.86
Japan,JPN,2017,99.77,99.64,101.14,61.56,8.16,3.26
Japan,JPN,2018,98.65,100.24,101.48,61.41,8.79,3.62
Japan,JPN,2019,99.33,100.58,102.04,60.93,9.85,3.83
Japan,JPN,2020,98.88,101.36,102.215,62.04,8.68,2.58
Japan,JPN,2021,98.87,99.64,102.39,61.83,9.129999999999999,3.09
Japan,JPN,2022,99.66,101.2,99.95,62.29,9.58,3.0
Nigeria,NGA,2010,60.06,84.68,43.23,9.43,7.66,1.58
Nigeria,NGA,2011,58.97,84.73,43.93,11.78,7.385,1.18
Nigeria,NGA,2012,60.79,85.52,44.57,10.7,7.11,1.13
Nigeria,NGA,2013,60.47,85.01,45.21,10.71,6.81,2.45
Nigeria,NGA,2014,60.06,86.04,44.76,10.28,7.01,1.35
Nigeria,NGA,2015,61.13,84.98,45.055,11.42,7.23,3.2
Nigeria,NGA,2016,61.68,86.82,45.35,10.85,6.03,0.93
Nigeria,NGA,2017,61.82,86.68,45.73,11.47,6.26,3.23
Nigeria,NGA,2018,60.86,86.75,45.56,13.14,7.53,2.37
Nigeria,NGA,2019,61.71,87.39,46.15,11.74,7.19,2.17
Nigeria,NGA,2020,62.35,88.0,46.19,12.69,7.155,1.97
Nigeria,NGA,2021,62.81,87.81,47.209999999999994,11.78,7.12,2.57
Nigeria,NGA,2022,63.57,86.3,48.23,12.38,7.33,2.57
Portugal,PRT,2010,94.27,104.69,109.67,61.33,10.54,5.96
Portugal,PRT,2011,93.88,104.69,109.55,63.15,9.75,4.7
Portugal,PRT,2012,94.9,103.86,110.02,62.76,9.76,4.43
Portugal,PRT,2013,93.65,103.37,109.79,63.06,10.36,4.95
Portugal,PRT,2014,94.77,105.58,110.82,62.83,11.58,5.07
Portugal,PRT,2015,94.86,104.09,108.31,61.82,10.44,5.71
Portugal,PRT,2016,94.59,104.07,110.53,62.29,9.72,4.04
Portugal,PRT,2017,94.32,104.06,110.61,62.99,10.49,5.99
Portugal,PRT,2018,94.05,104.2,108.6,62.07,10.5,4.99
Portugal,PRT,2019,95.45,104.0,109.61,63.33,9.06,4.83
Portugal,PRT,2020,94.89,103.76,109.58,62.86,10.67,4.49
Portugal,PRT,2021,94.79,103.78,108.94,62.88,10.58,4.12
Portugal,PRT,2022,95.83,104.1,109.29,63.63,11.16,5.61
South Africa,ZAF,2010,86.27,98.91,91.48,18.68,18.43,5.68
South Africa,ZAF,2011,86.81,98.22,92.18,18.68,17.99,5.63
South Africa,ZAF,2012,87.43,97.18,91.8,18.3,18.195,5.79
South Africa,ZAF,2013,87.08,97.59,92.61,19.39,18.4,4.56
South Africa,ZAF,2014,87.57,97.07,92.57,18.94,17.95,5.01
South Africa,ZAF,2015,88.6,96.67,92.61,18.67,18.36,6.72
South Africa,ZAF,2016,87.85,97.96,92.655,19.12,18.05,6.87
South Africa,ZAF,2017,88.9,98.45,92.7,20.48,19.66,5.71
South Africa,ZAF,2018,87.92,97.945,93.17500000000001,20.96,19.13,6.19
South Africa,ZAF,2019,89.12,97.44,93.65,20.61,18.55,6.01
South Africa,ZAF,2020,89.86,96.61,92.91,21.88,19.39,7.65
South Africa,ZAF,2021,87.72,96.61,93.71,20.85,18.5,6.45
South Africa,ZAF,2022,88.92,96.44,94.25,22.16,18.5,5.68
United States,USA,2010,99.11,100.9,97.3,87.07,13.58,5.06
United States,USA,2011,99.16,101.25,98.71,88.14,12.6,3.81
United States,USA,2012,99.47,102.15,98.49,87.56,12.84,4.87
United States,USA,2013,98.26,101.13,98.53,88.58,12.82,5.21
United States,USA,2014,98.21,101.19,97.53,87.85,12.2,5.89
United States,USA,2015,99.31,101.01,98.94,87.99,13.28,4.69
United States,USA,2016,99.18,99.91,97.28,88.13,13.28,4.51
United States,USA,2017,99.15,101.05,98.49,88.51,13.14,4.7
United States,USA,2018,99.21,101.12,99.47,89.29,13.02,5.55
United States,USA,2019,98.59,102.57,97.59,88.16,12.985,5.2
United States,USA,2020,99.14,100.98,97.86,89.14,12.95,4.68
United States,USA,2021,99.18,101.29,98.28,89.88,13.01,5.31
United States,USA,2022,98.57,101.1,97.94,88.24,12.76,5.06
